pay_period,start_date,end_date
PP1,1/11/2026,1/24/2026
PP2,1/25/2026,2/7/2026
PP3,2/8/2026,2/21/2026
PP4,2/22/2026,3/7/2026
PP5,3/8/2026,3/21/2026
PP6,3/22/2026,4/4/2026
PP7,4/5/2026,4/18/2026
PP8,4/19/2026,5/2/2026
PP9,5/3/2026,5/16/2026
PP10,5/17/2026,5/30/2026
PP11,5/31/2026,6/13/2026
PP12,6/14/2026,6/27/2026
PP13,6/28/2026,7/11/2026
PP14,7/12/2026,7/25/2026
PP15,7/26/2026,8/8/2026
PP16,8/9/2026,8/22/2026
PP17,8/23/2026,9/5/2026
PP18,9/6/2026,9/19/2026
PP19,9/20/2026,10/3/2026
PP20,10/4/2026,10/17/2026
PP21,10/18/2026,10/31/2026
PP22,11/1/2026,11/14/2026
PP23,11/15/2026,11/28/2026
PP24,11/29/2026,12/12/2026
PP25,12/13/2026,12/26/2026
PP26,12/27/2026,1/9/2027
,,
