pay_period,start_date,end_date
PP2,12/29/2024,1/11/2025
PP3,1/12/2025,1/25/2025
PP4,1/26/2025,2/8/2025
PP5,2/9/2025,2/22/2025
PP6,2/23/2025,3/8/2025
PP7,3/9/2025,3/22/2025
PP8,3/23/2025,4/5/2025
PP9,4/6/2025,4/19/2025
PP10,4/20/2025,5/3/2025
PP11,5/4/2025,5/17/2025
PP12,5/18/2025,5/31/2025
PP13,6/1/2025,6/14/2025
PP14,6/15/2025,6/28/2025
PP15,6/29/2025,7/12/2025
PP16,7/13/2025,7/26/2025
PP17,7/27/2025,8/9/2025
PP18,8/10/2025,8/23/2025
PP19,8/24/2025,9/6/2025
PP20,9/7/2025,9/20/2025
PP21,9/21/2025,10/4/2025
PP22,10/5/2025,10/18/2025
PP23,10/19/2025,11/1/2025
PP24,11/2/2025,11/15/2025
PP25,11/16/2025,11/29/2025
PP26,11/30/2025,12/13/2025
